{
    "$schema": "http://schema.management.azure.com/schemas/2015-01-01/deploymentTemplate.json#",
    "contentVersion": "1.0.0.0",
    "parameters": {
        "factoryName": {
            "type": "string",
            "metadata": "Data Factory name",
            "defaultValue": "cdc-to-dbx-factory"
        },
        "AzureSqlDatabase1_password": {
            "type": "secureString",
            "metadata": "Secure string for 'password' of 'AzureSqlDatabase1'"
        },
        "AzureBlobStorage1_connectionString": {
            "type": "secureString",
            "metadata": "Secure string for 'connectionString' of 'AzureBlobStorage1'"
        },
        "AzureDataLakeStorage1_accountKey": {
            "type": "secureString",
            "metadata": "Secure string for 'accountKey' of 'AzureDataLakeStorage1'"
        },
        "AzureSqlDatabase1_properties_typeProperties_server": {
            "type": "string",
            "defaultValue": "nishchay-sql.database.windows.net"
        },
        "AzureSqlDatabase1_properties_typeProperties_database": {
            "type": "string",
            "defaultValue": "projectsql"
        },
        "AzureSqlDatabase1_properties_typeProperties_userName": {
            "type": "string",
            "defaultValue": "Nishchay"
        },
        "AzureDataLakeStorage1_properties_typeProperties_url": {
            "type": "string",
            "defaultValue": "https://newstorage3432.dfs.core.windows.net/"
        }
    },
    "variables": {
        "factoryId": "[concat('Microsoft.DataFactory/factories/', parameters('factoryName'))]"
    },
    "resources": [
        {
            "name": "[concat(parameters('factoryName'), '/pipeline1')]",
            "type": "Microsoft.DataFactory/factories/pipelines",
            "apiVersion": "2018-06-01",
            "properties": {
                "activities": [
                    {
                        "name": "Copy_Customer",
                        "type": "Copy",
                        "dependsOn": [],
                        "policy": {
                            "timeout": "0.12:00:00",
                            "retry": 0,
                            "retryIntervalInSeconds": 30,
                            "secureOutput": false,
                            "secureInput": false
                        },
                        "userProperties": [],
                        "typeProperties": {
                            "source": {
                                "type": "AzureSqlSource",
                                "sqlReaderQuery": "SELECT * FROM cdc.fn_cdc_get_all_changes_dbo_Customer(\n  sys.fn_cdc_get_min_lsn('dbo_Customer'),\n  sys.fn_cdc_get_max_lsn(),\n  'all update old'\n)\n\n",
                                "queryTimeout": "02:00:00",
                                "partitionOption": "None"
                            },
                            "sink": {
                                "type": "DelimitedTextSink",
                                "storeSettings": {
                                    "type": "AzureBlobFSWriteSettings"
                                },
                                "formatSettings": {
                                    "type": "DelimitedTextWriteSettings",
                                    "quoteAllText": true,
                                    "fileExtension": ".txt"
                                }
                            },
                            "enableStaging": false,
                            "translator": {
                                "type": "TabularTranslator",
                                "mappings": [
                                    {
                                        "source": {
                                            "name": "__$start_lsn",
                                            "type": "Byte[]",
                                            "physicalType": "binary"
                                        },
                                        "sink": {
                                            "name": "__$start_lsn",
                                            "type": "String",
                                            "physicalType": "String"
                                        }
                                    },
                                    {
                                        "source": {
                                            "name": "__$seqval",
                                            "type": "Byte[]",
                                            "physicalType": "binary"
                                        },
                                        "sink": {
                                            "name": "__$seqval",
                                            "type": "String",
                                            "physicalType": "String"
                                        }
                                    },
                                    {
                                        "source": {
                                            "name": "__$operation",
                                            "type": "Int32",
                                            "physicalType": "int"
                                        },
                                        "sink": {
                                            "name": "__$operation",
                                            "type": "String",
                                            "physicalType": "String"
                                        }
                                    },
                                    {
                                        "source": {
                                            "name": "__$update_mask",
                                            "type": "Byte[]",
                                            "physicalType": "varbinary"
                                        },
                                        "sink": {
                                            "name": "__$update_mask",
                                            "type": "String",
                                            "physicalType": "String"
                                        }
                                    },
                                    {
                                        "source": {
                                            "name": "CustomerID",
                                            "type": "Int32",
                                            "physicalType": "int"
                                        },
                                        "sink": {
                                            "name": "CustomerID",
                                            "type": "String",
                                            "physicalType": "String"
                                        }
                                    },
                                    {
                                        "source": {
                                            "name": "Name",
                                            "type": "String",
                                            "physicalType": "nvarchar"
                                        },
                                        "sink": {
                                            "name": "Name",
                                            "type": "String",
                                            "physicalType": "String"
                                        }
                                    },
                                    {
                                        "source": {
                                            "name": "Address",
                                            "type": "String",
                                            "physicalType": "nvarchar"
                                        },
                                        "sink": {
                                            "name": "Address",
                                            "type": "String",
                                            "physicalType": "String"
                                        }
                                    },
                                    {
                                        "source": {
                                            "name": "Email",
                                            "type": "String",
                                            "physicalType": "nvarchar"
                                        },
                                        "sink": {
                                            "name": "Email",
                                            "type": "String",
                                            "physicalType": "String"
                                        }
                                    },
                                    {
                                        "source": {
                                            "name": "PhoneNumber",
                                            "type": "String",
                                            "physicalType": "nvarchar"
                                        },
                                        "sink": {
                                            "name": "PhoneNumber",
                                            "type": "String",
                                            "physicalType": "String"
                                        }
                                    }
                                ],
                                "typeConversion": true,
                                "typeConversionSettings": {
                                    "allowDataTruncation": true,
                                    "treatBooleanAsNumber": false
                                }
                            }
                        },
                        "inputs": [
                            {
                                "referenceName": "AzureSqlTable1",
                                "type": "DatasetReference",
                                "parameters": {}
                            }
                        ],
                        "outputs": [
                            {
                                "referenceName": "Customerfile",
                                "type": "DatasetReference",
                                "parameters": {}
                            }
                        ]
                    },
                    {
                        "name": "Copy_Inventory",
                        "type": "Copy",
                        "dependsOn": [],
                        "policy": {
                            "timeout": "0.12:00:00",
                            "retry": 0,
                            "retryIntervalInSeconds": 30,
                            "secureOutput": false,
                            "secureInput": false
                        },
                        "userProperties": [],
                        "typeProperties": {
                            "source": {
                                "type": "AzureSqlSource",
                                "sqlReaderQuery": "SELECT * FROM cdc.fn_cdc_get_all_changes_dbo_Inventory( \n  sys.fn_cdc_get_min_lsn('dbo_Inventory'), \n  sys.fn_cdc_get_max_lsn(),\n  'all update old'\n)",
                                "queryTimeout": "02:00:00",
                                "partitionOption": "None"
                            },
                            "sink": {
                                "type": "DelimitedTextSink",
                                "storeSettings": {
                                    "type": "AzureBlobFSWriteSettings"
                                },
                                "formatSettings": {
                                    "type": "DelimitedTextWriteSettings",
                                    "quoteAllText": true,
                                    "fileExtension": ".txt"
                                }
                            },
                            "enableStaging": false,
                            "translator": {
                                "type": "TabularTranslator",
                                "mappings": [
                                    {
                                        "source": {
                                            "name": "__$start_lsn",
                                            "type": "Byte[]",
                                            "physicalType": "binary"
                                        },
                                        "sink": {
                                            "name": "__$start_lsn",
                                            "type": "String",
                                            "physicalType": "String"
                                        }
                                    },
                                    {
                                        "source": {
                                            "name": "__$seqval",
                                            "type": "Byte[]",
                                            "physicalType": "binary"
                                        },
                                        "sink": {
                                            "name": "__$seqval",
                                            "type": "String",
                                            "physicalType": "String"
                                        }
                                    },
                                    {
                                        "source": {
                                            "name": "__$operation",
                                            "type": "Int32",
                                            "physicalType": "int"
                                        },
                                        "sink": {
                                            "name": "__$operation",
                                            "type": "String",
                                            "physicalType": "String"
                                        }
                                    },
                                    {
                                        "source": {
                                            "name": "__$update_mask",
                                            "type": "Byte[]",
                                            "physicalType": "varbinary"
                                        },
                                        "sink": {
                                            "name": "__$update_mask",
                                            "type": "String",
                                            "physicalType": "String"
                                        }
                                    },
                                    {
                                        "source": {
                                            "name": "InventoryID",
                                            "type": "Int32",
                                            "physicalType": "int"
                                        },
                                        "sink": {
                                            "name": "InventoryID",
                                            "type": "String",
                                            "physicalType": "String"
                                        }
                                    },
                                    {
                                        "source": {
                                            "name": "ProductID",
                                            "type": "Int32",
                                            "physicalType": "int"
                                        },
                                        "sink": {
                                            "name": "ProductID",
                                            "type": "String",
                                            "physicalType": "String"
                                        }
                                    },
                                    {
                                        "source": {
                                            "name": "Quantity",
                                            "type": "Int32",
                                            "physicalType": "int"
                                        },
                                        "sink": {
                                            "name": "Quantity",
                                            "type": "String",
                                            "physicalType": "String"
                                        }
                                    },
                                    {
                                        "source": {
                                            "name": "Location",
                                            "type": "String",
                                            "physicalType": "nvarchar"
                                        },
                                        "sink": {
                                            "name": "Location",
                                            "type": "String",
                                            "physicalType": "String"
                                        }
                                    }
                                ],
                                "typeConversion": true,
                                "typeConversionSettings": {
                                    "allowDataTruncation": true,
                                    "treatBooleanAsNumber": false
                                }
                            }
                        },
                        "inputs": [
                            {
                                "referenceName": "AzureSqlTable2",
                                "type": "DatasetReference",
                                "parameters": {}
                            }
                        ],
                        "outputs": [
                            {
                                "referenceName": "Inventoryfile",
                                "type": "DatasetReference",
                                "parameters": {}
                            }
                        ]
                    },
                    {
                        "name": "Copy_Orders",
                        "type": "Copy",
                        "dependsOn": [],
                        "policy": {
                            "timeout": "0.12:00:00",
                            "retry": 0,
                            "retryIntervalInSeconds": 30,
                            "secureOutput": false,
                            "secureInput": false
                        },
                        "userProperties": [],
                        "typeProperties": {
                            "source": {
                                "type": "AzureSqlSource",
                                "sqlReaderQuery": "SELECT * FROM cdc.fn_cdc_get_all_changes_dbo_Inventory( \n  sys.fn_cdc_get_min_lsn('dbo_Inventory'), \n  sys.fn_cdc_get_max_lsn(),\n  'all update old'\n)",
                                "queryTimeout": "02:00:00",
                                "partitionOption": "None"
                            },
                            "sink": {
                                "type": "DelimitedTextSink",
                                "storeSettings": {
                                    "type": "AzureBlobFSWriteSettings"
                                },
                                "formatSettings": {
                                    "type": "DelimitedTextWriteSettings",
                                    "quoteAllText": true,
                                    "fileExtension": ".txt"
                                }
                            },
                            "enableStaging": false,
                            "translator": {
                                "type": "TabularTranslator",
                                "mappings": [
                                    {
                                        "source": {
                                            "name": "__$start_lsn",
                                            "type": "Byte[]",
                                            "physicalType": "binary"
                                        },
                                        "sink": {
                                            "name": "__$start_lsn",
                                            "type": "String",
                                            "physicalType": "String"
                                        }
                                    },
                                    {
                                        "source": {
                                            "name": "__$seqval",
                                            "type": "Byte[]",
                                            "physicalType": "binary"
                                        },
                                        "sink": {
                                            "name": "__$seqval",
                                            "type": "String",
                                            "physicalType": "String"
                                        }
                                    },
                                    {
                                        "source": {
                                            "name": "__$operation",
                                            "type": "Int32",
                                            "physicalType": "int"
                                        },
                                        "sink": {
                                            "name": "__$operation",
                                            "type": "String",
                                            "physicalType": "String"
                                        }
                                    },
                                    {
                                        "source": {
                                            "name": "__$update_mask",
                                            "type": "Byte[]",
                                            "physicalType": "varbinary"
                                        },
                                        "sink": {
                                            "name": "__$update_mask",
                                            "type": "String",
                                            "physicalType": "String"
                                        }
                                    },
                                    {
                                        "source": {
                                            "name": "InventoryID",
                                            "type": "Int32",
                                            "physicalType": "int"
                                        },
                                        "sink": {
                                            "name": "InventoryID",
                                            "type": "String",
                                            "physicalType": "String"
                                        }
                                    },
                                    {
                                        "source": {
                                            "name": "ProductID",
                                            "type": "Int32",
                                            "physicalType": "int"
                                        },
                                        "sink": {
                                            "name": "ProductID",
                                            "type": "String",
                                            "physicalType": "String"
                                        }
                                    },
                                    {
                                        "source": {
                                            "name": "Quantity",
                                            "type": "Int32",
                                            "physicalType": "int"
                                        },
                                        "sink": {
                                            "name": "Quantity",
                                            "type": "String",
                                            "physicalType": "String"
                                        }
                                    },
                                    {
                                        "source": {
                                            "name": "Location",
                                            "type": "String",
                                            "physicalType": "nvarchar"
                                        },
                                        "sink": {
                                            "name": "Location",
                                            "type": "String",
                                            "physicalType": "String"
                                        }
                                    }
                                ],
                                "typeConversion": true,
                                "typeConversionSettings": {
                                    "allowDataTruncation": true,
                                    "treatBooleanAsNumber": false
                                }
                            }
                        },
                        "inputs": [
                            {
                                "referenceName": "AzureSqlTable3",
                                "type": "DatasetReference",
                                "parameters": {}
                            }
                        ],
                        "outputs": [
                            {
                                "referenceName": "Ordersfile",
                                "type": "DatasetReference",
                                "parameters": {}
                            }
                        ]
                    },
                    {
                        "name": "Copy_Product",
                        "type": "Copy",
                        "dependsOn": [],
                        "policy": {
                            "timeout": "0.12:00:00",
                            "retry": 0,
                            "retryIntervalInSeconds": 30,
                            "secureOutput": false,
                            "secureInput": false
                        },
                        "userProperties": [],
                        "typeProperties": {
                            "source": {
                                "type": "AzureSqlSource",
                                "sqlReaderQuery": "SELECT * FROM cdc.fn_cdc_get_all_changes_dbo_Product( \n  sys.fn_cdc_get_min_lsn('dbo_Product'), \n  sys.fn_cdc_get_max_lsn(),\n  'all update old'\n)",
                                "queryTimeout": "02:00:00",
                                "partitionOption": "None"
                            },
                            "sink": {
                                "type": "DelimitedTextSink",
                                "storeSettings": {
                                    "type": "AzureBlobFSWriteSettings"
                                },
                                "formatSettings": {
                                    "type": "DelimitedTextWriteSettings",
                                    "quoteAllText": true,
                                    "fileExtension": ".txt"
                                }
                            },
                            "enableStaging": false,
                            "translator": {
                                "type": "TabularTranslator",
                                "mappings": [
                                    {
                                        "source": {
                                            "name": "__$start_lsn",
                                            "type": "Byte[]",
                                            "physicalType": "binary"
                                        },
                                        "sink": {
                                            "name": "__$start_lsn",
                                            "type": "String",
                                            "physicalType": "String"
                                        }
                                    },
                                    {
                                        "source": {
                                            "name": "__$seqval",
                                            "type": "Byte[]",
                                            "physicalType": "binary"
                                        },
                                        "sink": {
                                            "name": "__$seqval",
                                            "type": "String",
                                            "physicalType": "String"
                                        }
                                    },
                                    {
                                        "source": {
                                            "name": "__$operation",
                                            "type": "Int32",
                                            "physicalType": "int"
                                        },
                                        "sink": {
                                            "name": "__$operation",
                                            "type": "String",
                                            "physicalType": "String"
                                        }
                                    },
                                    {
                                        "source": {
                                            "name": "__$update_mask",
                                            "type": "Byte[]",
                                            "physicalType": "varbinary"
                                        },
                                        "sink": {
                                            "name": "__$update_mask",
                                            "type": "String",
                                            "physicalType": "String"
                                        }
                                    },
                                    {
                                        "source": {
                                            "name": "ProductID",
                                            "type": "Int32",
                                            "physicalType": "int"
                                        },
                                        "sink": {
                                            "name": "ProductID",
                                            "type": "String",
                                            "physicalType": "String"
                                        }
                                    },
                                    {
                                        "source": {
                                            "name": "Name",
                                            "type": "String",
                                            "physicalType": "nvarchar"
                                        },
                                        "sink": {
                                            "name": "Name",
                                            "type": "String",
                                            "physicalType": "String"
                                        }
                                    },
                                    {
                                        "source": {
                                            "name": "Description",
                                            "type": "String",
                                            "physicalType": "nvarchar"
                                        },
                                        "sink": {
                                            "name": "Description",
                                            "type": "String",
                                            "physicalType": "String"
                                        }
                                    },
                                    {
                                        "source": {
                                            "name": "Price",
                                            "type": "Decimal",
                                            "physicalType": "decimal",
                                            "scale": 2,
                                            "precision": 10
                                        },
                                        "sink": {
                                            "name": "Price",
                                            "type": "String",
                                            "physicalType": "String"
                                        }
                                    },
                                    {
                                        "source": {
                                            "name": "Category",
                                            "type": "String",
                                            "physicalType": "nvarchar"
                                        },
                                        "sink": {
                                            "name": "Category",
                                            "type": "String",
                                            "physicalType": "String"
                                        }
                                    }
                                ],
                                "typeConversion": true,
                                "typeConversionSettings": {
                                    "allowDataTruncation": true,
                                    "treatBooleanAsNumber": false
                                }
                            }
                        },
                        "inputs": [
                            {
                                "referenceName": "AzureSqlTable4",
                                "type": "DatasetReference",
                                "parameters": {}
                            }
                        ],
                        "outputs": [
                            {
                                "referenceName": "Productfile",
                                "type": "DatasetReference",
                                "parameters": {}
                            }
                        ]
                    }
                ],
                "policy": {
                    "elapsedTimeMetric": {}
                },
                "annotations": [],
                "lastPublishTime": "2025-07-23T10:36:15Z"
            },
            "dependsOn": [
                "[concat(variables('factoryId'), '/datasets/AzureSqlTable1')]",
                "[concat(variables('factoryId'), '/datasets/Customerfile')]",
                "[concat(variables('factoryId'), '/datasets/AzureSqlTable2')]",
                "[concat(variables('factoryId'), '/datasets/Inventoryfile')]",
                "[concat(variables('factoryId'), '/datasets/AzureSqlTable3')]",
                "[concat(variables('factoryId'), '/datasets/Ordersfile')]",
                "[concat(variables('factoryId'), '/datasets/AzureSqlTable4')]",
                "[concat(variables('factoryId'), '/datasets/Productfile')]"
            ]
        },
        {
            "name": "[concat(parameters('factoryName'), '/AzureSqlTable2')]",
            "type": "Microsoft.DataFactory/factories/datasets",
            "apiVersion": "2018-06-01",
            "properties": {
                "linkedServiceName": {
                    "referenceName": "AzureSqlDatabase1",
                    "type": "LinkedServiceReference"
                },
                "annotations": [],
                "type": "AzureSqlTable",
                "schema": [
                    {
                        "name": "InventoryID",
                        "type": "int",
                        "precision": 10
                    },
                    {
                        "name": "ProductID",
                        "type": "int",
                        "precision": 10
                    },
                    {
                        "name": "Quantity",
                        "type": "int",
                        "precision": 10
                    },
                    {
                        "name": "Location",
                        "type": "nvarchar"
                    }
                ],
                "typeProperties": {
                    "schema": "dbo",
                    "table": "Inventory"
                }
            },
            "dependsOn": [
                "[concat(variables('factoryId'), '/linkedServices/AzureSqlDatabase1')]"
            ]
        },
        {
            "name": "[concat(parameters('factoryName'), '/Inventoryfile')]",
            "type": "Microsoft.DataFactory/factories/datasets",
            "apiVersion": "2018-06-01",
            "properties": {
                "linkedServiceName": {
                    "referenceName": "AzureDataLakeStorage1",
                    "type": "LinkedServiceReference"
                },
                "annotations": [],
                "type": "DelimitedText",
                "typeProperties": {
                    "location": {
                        "type": "AzureBlobFSLocation",
                        "fileName": "yyyyMMdd_HHmm.csv",
                        "folderPath": "Inventory",
                        "fileSystem": "projectcontainer"
                    },
                    "columnDelimiter": ",",
                    "escapeChar": "\\",
                    "firstRowAsHeader": true,
                    "quoteChar": "\""
                },
                "schema": []
            },
            "dependsOn": [
                "[concat(variables('factoryId'), '/linkedServices/AzureDataLakeStorage1')]"
            ]
        },
        {
            "name": "[concat(parameters('factoryName'), '/AzureSqlTable4')]",
            "type": "Microsoft.DataFactory/factories/datasets",
            "apiVersion": "2018-06-01",
            "properties": {
                "linkedServiceName": {
                    "referenceName": "AzureSqlDatabase1",
                    "type": "LinkedServiceReference"
                },
                "annotations": [],
                "type": "AzureSqlTable",
                "schema": [
                    {
                        "name": "ProductID",
                        "type": "int",
                        "precision": 10
                    },
                    {
                        "name": "Name",
                        "type": "nvarchar"
                    },
                    {
                        "name": "Description",
                        "type": "nvarchar"
                    },
                    {
                        "name": "Price",
                        "type": "decimal",
                        "precision": 10,
                        "scale": 2
                    },
                    {
                        "name": "Category",
                        "type": "nvarchar"
                    }
                ],
                "typeProperties": {
                    "schema": "dbo",
                    "table": "Product"
                }
            },
            "dependsOn": [
                "[concat(variables('factoryId'), '/linkedServices/AzureSqlDatabase1')]"
            ]
        },
        {
            "name": "[concat(parameters('factoryName'), '/AzureSqlTable1')]",
            "type": "Microsoft.DataFactory/factories/datasets",
            "apiVersion": "2018-06-01",
            "properties": {
                "linkedServiceName": {
                    "referenceName": "AzureSqlDatabase1",
                    "type": "LinkedServiceReference"
                },
                "annotations": [],
                "type": "AzureSqlTable",
                "schema": [
                    {
                        "name": "CustomerID",
                        "type": "int",
                        "precision": 10
                    },
                    {
                        "name": "Name",
                        "type": "nvarchar"
                    },
                    {
                        "name": "Address",
                        "type": "nvarchar"
                    },
                    {
                        "name": "Email",
                        "type": "nvarchar"
                    },
                    {
                        "name": "PhoneNumber",
                        "type": "nvarchar"
                    }
                ],
                "typeProperties": {
                    "schema": "dbo",
                    "table": "Customer"
                }
            },
            "dependsOn": [
                "[concat(variables('factoryId'), '/linkedServices/AzureSqlDatabase1')]"
            ]
        },
        {
            "name": "[concat(parameters('factoryName'), '/Ordersfile')]",
            "type": "Microsoft.DataFactory/factories/datasets",
            "apiVersion": "2018-06-01",
            "properties": {
                "linkedServiceName": {
                    "referenceName": "AzureDataLakeStorage1",
                    "type": "LinkedServiceReference"
                },
                "annotations": [],
                "type": "DelimitedText",
                "typeProperties": {
                    "location": {
                        "type": "AzureBlobFSLocation",
                        "fileName": "yyyyMMdd_HHmm.csv",
                        "folderPath": "Orders",
                        "fileSystem": "projectcontainer"
                    },
                    "columnDelimiter": ",",
                    "escapeChar": "\\",
                    "firstRowAsHeader": true,
                    "quoteChar": "\""
                },
                "schema": []
            },
            "dependsOn": [
                "[concat(variables('factoryId'), '/linkedServices/AzureDataLakeStorage1')]"
            ]
        },
        {
            "name": "[concat(parameters('factoryName'), '/AzureSqlTable3')]",
            "type": "Microsoft.DataFactory/factories/datasets",
            "apiVersion": "2018-06-01",
            "properties": {
                "linkedServiceName": {
                    "referenceName": "AzureSqlDatabase1",
                    "type": "LinkedServiceReference"
                },
                "annotations": [],
                "type": "AzureSqlTable",
                "schema": [
                    {
                        "name": "OrderID",
                        "type": "int",
                        "precision": 10
                    },
                    {
                        "name": "CustomerID",
                        "type": "int",
                        "precision": 10
                    },
                    {
                        "name": "ProductID",
                        "type": "int",
                        "precision": 10
                    },
                    {
                        "name": "Quantity",
                        "type": "int",
                        "precision": 10
                    },
                    {
                        "name": "OrderDate",
                        "type": "datetime",
                        "precision": 23,
                        "scale": 3
                    },
                    {
                        "name": "TotalAmount",
                        "type": "decimal",
                        "precision": 10,
                        "scale": 2
                    }
                ],
                "typeProperties": {
                    "schema": "dbo",
                    "table": "Orders"
                }
            },
            "dependsOn": [
                "[concat(variables('factoryId'), '/linkedServices/AzureSqlDatabase1')]"
            ]
        },
        {
            "name": "[concat(parameters('factoryName'), '/Customerfile')]",
            "type": "Microsoft.DataFactory/factories/datasets",
            "apiVersion": "2018-06-01",
            "properties": {
                "linkedServiceName": {
                    "referenceName": "AzureDataLakeStorage1",
                    "type": "LinkedServiceReference"
                },
                "annotations": [],
                "type": "DelimitedText",
                "typeProperties": {
                    "location": {
                        "type": "AzureBlobFSLocation",
                        "fileName": "yyyyMMdd_HHmm.csv",
                        "folderPath": "customer",
                        "fileSystem": "projectcontainer"
                    },
                    "columnDelimiter": ",",
                    "escapeChar": "\\",
                    "firstRowAsHeader": true,
                    "quoteChar": "\""
                },
                "schema": []
            },
            "dependsOn": [
                "[concat(variables('factoryId'), '/linkedServices/AzureDataLakeStorage1')]"
            ]
        },
        {
            "name": "[concat(parameters('factoryName'), '/Productfile')]",
            "type": "Microsoft.DataFactory/factories/datasets",
            "apiVersion": "2018-06-01",
            "properties": {
                "linkedServiceName": {
                    "referenceName": "AzureDataLakeStorage1",
                    "type": "LinkedServiceReference"
                },
                "annotations": [],
                "type": "DelimitedText",
                "typeProperties": {
                    "location": {
                        "type": "AzureBlobFSLocation",
                        "fileName": "yyyyMMdd_HHmm.csv",
                        "folderPath": "Product",
                        "fileSystem": "projectcontainer"
                    },
                    "columnDelimiter": ",",
                    "escapeChar": "\\",
                    "firstRowAsHeader": true,
                    "quoteChar": "\""
                },
                "schema": []
            },
            "dependsOn": [
                "[concat(variables('factoryId'), '/linkedServices/AzureDataLakeStorage1')]"
            ]
        },
        {
            "name": "[concat(parameters('factoryName'), '/HourlyTrigger')]",
            "type": "Microsoft.DataFactory/factories/triggers",
            "apiVersion": "2018-06-01",
            "properties": {
                "annotations": [],
                "runtimeState": "Started",
                "pipelines": [
                    {
                        "pipelineReference": {
                            "referenceName": "pipeline1",
                            "type": "PipelineReference"
                        },
                        "parameters": {}
                    }
                ],
                "type": "ScheduleTrigger",
                "typeProperties": {
                    "recurrence": {
                        "frequency": "Hour",
                        "interval": 1,
                        "startTime": "2025-07-23T10:36:00",
                        "timeZone": "India Standard Time"
                    }
                }
            },
            "dependsOn": [
                "[concat(variables('factoryId'), '/pipelines/pipeline1')]"
            ]
        },
        {
            "name": "[concat(parameters('factoryName'), '/AzureSqlDatabase1')]",
            "type": "Microsoft.DataFactory/factories/linkedServices",
            "apiVersion": "2018-06-01",
            "properties": {
                "annotations": [],
                "type": "AzureSqlDatabase",
                "typeProperties": {
                    "server": "[parameters('AzureSqlDatabase1_properties_typeProperties_server')]",
                    "database": "[parameters('AzureSqlDatabase1_properties_typeProperties_database')]",
                    "encrypt": "mandatory",
                    "trustServerCertificate": false,
                    "authenticationType": "SQL",
                    "userName": "[parameters('AzureSqlDatabase1_properties_typeProperties_userName')]",
                    "password": {
                        "type": "SecureString",
                        "value": "[parameters('AzureSqlDatabase1_password')]"
                    }
                }
            },
            "dependsOn": []
        },
        {
            "name": "[concat(parameters('factoryName'), '/AzureBlobStorage1')]",
            "type": "Microsoft.DataFactory/factories/linkedServices",
            "apiVersion": "2018-06-01",
            "properties": {
                "annotations": [],
                "type": "AzureBlobStorage",
                "typeProperties": {
                    "connectionString": "[parameters('AzureBlobStorage1_connectionString')]"
                }
            },
            "dependsOn": []
        },
        {
            "name": "[concat(parameters('factoryName'), '/AzureDataLakeStorage1')]",
            "type": "Microsoft.DataFactory/factories/linkedServices",
            "apiVersion": "2018-06-01",
            "properties": {
                "annotations": [],
                "type": "AzureBlobFS",
                "typeProperties": {
                    "url": "[parameters('AzureDataLakeStorage1_properties_typeProperties_url')]",
                    "accountKey": {
                        "type": "SecureString",
                        "value": "[parameters('AzureDataLakeStorage1_accountKey')]"
                    }
                }
            },
            "dependsOn": []
        }
    ]
}