{
    "$schema": "https://schema.management.azure.com/schemas/2015-01-01/deploymentParameters.json#",
    "contentVersion": "1.0.0.0",
    "parameters": {
        "factoryName": {
            "value": "cdc-to-dbx-factory"
        },
        "AzureSqlDatabase1_password": {
            "value": ""
        },
        "AzureBlobStorage1_connectionString": {
            "value": ""
        },
        "AzureDataLakeStorage1_accountKey": {
            "value": ""
        },
        "AzureSqlDatabase1_properties_typeProperties_server": {
            "value": "nishchay-sql.database.windows.net"
        },
        "AzureSqlDatabase1_properties_typeProperties_database": {
            "value": "projectsql"
        },
        "AzureSqlDatabase1_properties_typeProperties_userName": {
            "value": "Nishchay"
        },
        "AzureDataLakeStorage1_properties_typeProperties_url": {
            "value": "https://newstorage3432.dfs.core.windows.net/"
        },
        "containerUri": {
            "value": ""
        },
        "containerSasToken": {
            "value": ""
        }
    }
}